{"cameraMode":{"drawMode":0,"name":"Shaded","section":"Shading Mode"},"sceneLighting":true,"audioPlay":false,"sceneViewState":{"m_AlwaysRefresh":false,"showFog":true,"showSkybox":true,"showFlares":true,"showImageEffects":true,"showParticleSystems":true,"showVisualEffectGraphs":true,"m_FxEnabled":true},"in2DMode":false,"pivot":{"x":-0.052423059940338138,"y":1.7346129417419434,"z":-4.384742259979248},"rotation":{"x":0.041090529412031177,"y":-0.0014981050044298173,"z":0.0000615903627476655,"w":0.9991582036018372},"size":3.057827949523926,"orthographic":true}